metric,value
Total Revenue,3464629.8839245215
Total Orders,125226.0
Total Customers,100000.0
Return Rate,28.627342315818645
Returned Revenue,1003088.4311747551
Avg Fulfillment Duration,2.990388278895778
