traffic_source,total_events,total_sessions,purchase_events,conversion_rate_pct
Adwords,731144,205010,54542,7.4598163973170815
Email,1091988,306313,81706,7.482316655494382
Facebook,243834,67933,18305,7.507156508116178
Organic,122059,34301,9124,7.475073530014173
YouTube,242938,68202,18082,7.443051313503856
